Model,MAP,Average_P@10,Average_DCG@10
Baseline1,0.4910782064895914,0.358,2.0900293259155394
Baseline2,0.4583347556143136,0.344,1.9429739855000334
Model_C,0.4976823498373756,0.37200000000000005,2.1497724567868848
