Metric,Comparison,t_statistic,p_value
AveragePrecision,Model_C vs Baseline1,0.42047175860525693,0.6741408562314639
AveragePrecision,Model_C vs Baseline2,3.361260561090429,0.0007758759461723474
Precision@10,Model_C vs Baseline1,0.9258476436951986,0.35452516336415646
Precision@10,Model_C vs Baseline2,2.136501528965042,0.03263855648323904
DCG@10,Model_C vs Baseline1,0.6501157290931456,0.5156174698269015
DCG@10,Model_C vs Baseline2,2.9272224611979416,0.003420041541875278
